{
    "insert": {
        "counts": [
            1000,
            5000,
            10000,
            20000,
            40000
        ],
        "times": [
            0.004868644755333662,
            0.030227671843022108,
            0.058493210934102535,
            0.12679961416870356,
            0.27732577407732606
        ],
        "memory": [
            0.25742340087890625,
            1.3133773803710938,
            2.5448074340820312,
            5.125694274902344,
            10.476524353027344
        ]
    },
    "search": {
        "counts": [
            1000,
            5000,
            10000,
            20000,
            40000
        ],
        "times": [
            0.00237675616517663,
            0.015463060233741999,
            0.030443941708654165,
            0.06738022109493613,
            0.14750550081953406
        ]
    },
    "best_case": {
        "insert_time": 0.000240962952375412,
        "search_time": 0.0001560421660542488
    },
    "worst_case": {
        "sequential_worst_case": {
            "insert_time": 0.0031587891280651093,
            "search_time": 0.0028172191232442856
        },
        "similar_prefixes_worst_case": {
            "insert_time": 0.003072898369282484,
            "search_time": 0.0026692678220570087
        }
    },
    "comparison": {
        "tst_insert": 0.20626091584563255,
        "tst_search": 0.1394769260659814,
        "set_insert": 0.0035514128394424915,
        "set_search": 0.0017695189453661442,
        "list_insert": 30.48740461980924,
        "list_search": 30.40877731423825
    }
}